,MAE,MAE_test,R2,MAE2
KNeighborsRegressor(n_neighbors=22),0.8112592220249265,0.8538176297283615,0.021855020985477647,0.6926674260445973
DecisionTreeRegressor(max_depth=4),0.7642532439963352,0.9033438632841992,0.01936670547253938,0.6903834779591312
"RandomForestRegressor(criterion='mae',max_depth=7,n_estimators=2,random_state=0)",0.7146924023074542,1.0647419042044244,0.13750244672965373,0.7609629493532734
"LinearSVR(C=0.0014,loss='squared_epsilon_insensitive',max_iter=10000.0,random_state=99)",0.9479034711965472,1.089771076004102,-0.1347903651147282,1.0329977857538846
"RandomForestRegressor(bootstrap=False,max_depth=2,max_features='sqrt',min_samples_leaf=12,min_samples_split=8,n_estimators=2)",0.8107760390970552,0.8536608067754281,0.019959161547048576,0.6921277276497781
"RandomForestRegressor(max_depth=12,min_samples_leaf=30,min_samples_split=23,n_estimators=16)",0.7790171735495244,0.8686751051560498,0.02991242359880142,0.6767128251515018
"AdaBoostRegressor(base_estimator=DecisionTreeRegressor(max_depth=3),learning_rate=0.5,n_estimators=100)",0.7438326745645998,0.8307940801642035,0.15646104111394488,0.6179717826609761
"GradientBoostingRegressor(n_estimators=200,random_state=0)",0.42873855537278854,0.8959224459422683,0.46003553369240724,0.3841164951993434
