,MAE,MAE_test,R2,MAE2
KNeighborsRegressor(n_neighbors=10),0.8082956793487153,0.9766723587560631,-0.014002098095894366,0.7894400477218442
DecisionTreeRegressor(max_depth=3),0.763552867631997,0.96102631964461,0.02561567144375876,0.7337944022344662
"RandomForestRegressor(criterion='mae',max_depth=2,n_estimators=4,random_state=0)",0.8111862204198552,0.936541440695027,-0.01759313385777639,0.7597095115439649
"LinearSVR(C=0.00029,loss='squared_epsilon_insensitive',max_iter=10000.0,random_state=99)",1.0175876041050995,1.1023101147946974,-0.23431879215358697,1.1216971086947534
"RandomForestRegressor(max_depth=8,max_features='sqrt',min_samples_leaf=10,n_estimators=64)",0.7433086817054317,0.9386878321854332,0.013795178727563528,0.6977348150746838
"RandomForestRegressor(max_depth=2,min_samples_leaf=4,min_samples_split=42,n_estimators=18)",0.8196233272590555,0.9568478457949703,-0.029563253064049944,0.7842548150511333
"AdaBoostRegressor(base_estimator=DecisionTreeRegressor(max_depth=3),learning_rate=0.5,n_estimators=100)",0.7806521755963814,0.9436403239946626,0.09708725820455111,0.7366548719069076
"GradientBoostingRegressor(n_estimators=200,random_state=0)",0.4420388222514683,0.9583441939331934,0.5739967575811713,0.42362533879776154
