,MAE,MAE_test,R2,MAE2
KNeighborsRegressor(n_neighbors=10),0.8066298911490137,0.8120092295996724,0.017352354819208493,0.6549909164839782
DecisionTreeRegressor(max_depth=3),0.7643032047780328,0.7568149741174237,0.03595547555879419,0.578436110141951
"RandomForestRegressor(criterion='mae',max_depth=2,n_estimators=4,random_state=0)",0.7968020828375074,0.7621076198636083,0.001474532022364694,0.6072489388536585
"LinearSVR(C=0.0002,loss='squared_epsilon_insensitive',max_iter=10000.0,random_state=99)",1.0533785574188586,1.0671656093307313,-0.26122049141496984,1.1241293700838229
"RandomForestRegressor(max_depth=4,min_samples_leaf=8,n_estimators=8)",0.7634944018491998,0.7335020585954886,0.05858729760504178,0.5600247154825192
"RandomForestRegressor(max_depth=2,min_samples_leaf=8,min_samples_split=31,n_estimators=135)",0.7962232521202546,0.70655140413896,0.038917755931339726,0.562572656793655
"AdaBoostRegressor(base_estimator=DecisionTreeRegressor(max_depth=3),learning_rate=0.5,n_estimators=100)",0.7525645778169053,0.738716092867863,0.11617402804732624,0.5559315645556572
"GradientBoostingRegressor(n_estimators=200,random_state=0)",0.411229765784688,0.7198533010686811,0.5015074589080442,0.2960251043978082
