,MAE,MAE_test,R2,MAE2
KNeighborsRegressor(n_neighbors=70),0.8106041968158706,0.8396119070760557,-0.0629804075904612,0.6805929355724275
DecisionTreeRegressor(max_depth=2),0.8089496338964186,0.8213351643736876,-0.061605856626000266,0.6644187805263494
"RandomForestRegressor(criterion='mae',max_depth=2,n_estimators=5,random_state=0)",0.8011261465967221,0.8284391117221296,-0.04538510194960499,0.663684233263961
"LinearSVR(C=0.518,loss='squared_epsilon_insensitive',max_iter=10000.0,random_state=99)",0.8103209319919821,0.8433294539114345,-0.08351440839671631,0.6833675090698029
"RandomForestRegressor(max_depth=10,min_samples_leaf=8,min_samples_split=8,n_estimators=64)",0.6627091593971564,0.6869314921597317,0.22523007493158398,0.4552357917326101
"RandomForestRegressor(max_depth=8,min_samples_leaf=8,min_samples_split=19,n_estimators=161)",0.673341466147421,0.6752753809543087,0.1426026687239843,0.45469091506503245
"AdaBoostRegressor(base_estimator=DecisionTreeRegressor(max_depth=3),learning_rate=0.5,n_estimators=100)",0.7870635255056355,0.8337587582166226,0.02629532042019367,0.6562211076631758
"GradientBoostingRegressor(n_estimators=200,random_state=0)",0.543020357619732,0.8046947644541838,0.4542538432311841,0.43696563876863687
