,MAE,MAE_test,R2,MAE2
KNeighborsRegressor(n_neighbors=70),0.8044623750199104,0.870352450352829,-0.07578596885435562,0.7001657993152355
DecisionTreeRegressor(max_depth=2),0.7945874709436127,0.8585005996784056,-0.028198308025505714,0.6821538203020392
"RandomForestRegressor(criterion='mae',max_depth=2,n_estimators=5,random_state=0)",0.8065709031381302,0.8528588888502652,-0.07639084599300561,0.6878911642293406
"LinearSVR(C=0.518,loss='squared_epsilon_insensitive',max_iter=10000.0,random_state=99)",0.8167231301933149,0.914834961028782,-0.0957499088710898,0.7471668729817061
"RandomForestRegressor(max_depth=6,min_samples_leaf=8,min_samples_split=6,n_estimators=32)",0.705694927176598,0.8791436663996818,0.1712135146045235,0.6204072256376908
"RandomForestRegressor(max_depth=8,min_samples_leaf=8,min_samples_split=19,n_estimators=161)",0.6590393575337388,0.8897819642720222,0.23754038896640528,0.5864013340789416
"AdaBoostRegressor(base_estimator=DecisionTreeRegressor(max_depth=3),learning_rate=0.5,n_estimators=100)",0.7804480593997853,0.9137780741392335,0.12973750842906429,0.713156324684038
"GradientBoostingRegressor(n_estimators=200,random_state=0)",0.523626475228127,0.8887672229238252,0.6195203020239544,0.46538204823789353
