,MAE,MAE_test,R2,MAE2
KNeighborsRegressor(n_neighbors=62),0.8073132692742246,0.8445969409454145,-0.06956026516923264,0.6818543176136518
DecisionTreeRegressor(max_depth=2),0.8001751961259259,0.8445969409454145,0.12470190731324793,0.6758255228683541
"RandomForestRegressor(criterion='mae',max_depth=2,n_estimators=5,random_state=0)",0.8032885623520715,0.8260627212323604,-0.0697559351120074,0.6635667357513827
"LinearSVR(C=0.1842,loss='squared_epsilon_insensitive',max_iter=10000.0,random_state=99)",0.8142903291347168,0.8799395633110558,-0.07631634723062741,0.7165262766272186
"RandomForestRegressor(bootstrap=False,max_depth=14,max_features='sqrt',min_samples_leaf=8,min_samples_split=6,n_estimators=16)",0.5776791654680705,0.8312537568315564,0.2962926988278185,0.4801979765386519
RandomForestRegressor(n_estimators=98),0.4181542020564629,0.7722881898497799,0.5275344649259517,0.32293555178426486
"AdaBoostRegressor(base_estimator=DecisionTreeRegressor(max_depth=3),learning_rate=0.5,n_estimators=100)",0.7632483564919984,0.8438772347853063,0.18581858345573155,0.6440879125308973
"GradientBoostingRegressor(n_estimators=200,random_state=0)",0.5148670276301666,0.8051066347716245,0.5187678033076402,0.4145228599701924
